"Arquivo","Area","Imports","ImportadoPor","TemMain","SideEffects","Risco","Sugestao"
"_graveyard\quarentena\_backup\backup_20260120_163057\.quarantine\legacy\20260120_151252\tools\bootstrap.py","OUTRO","6","0","True","True","5","ORFAO / CANDIDATO A EXCLUSAO"
"_graveyard\quarentena\_backup\backup_20260120_163057\.quarantine\legacy\20260120_151252\tools\legacy_backup\autofix_engine.py","OUTRO","4","0","False","True","5","ORFAO / CANDIDATO A EXCLUSAO"
"_graveyard\quarentena\_backup\backup_20260120_163057\.quarantine\legacy\20260120_151252\tools\legacy_backup\fix_test_imports.py","OUTRO","1","0","True","True","5","ORFAO / CANDIDATO A EXCLUSAO"
"_graveyard\quarentena\_backup\backup_20260120_163057\.quarantine\legacy\20260120_151252\tools\legacy_backup\run_tests_with_log.py","OUTRO","5","0","True","True","5","ORFAO / CANDIDATO A EXCLUSAO"
"_graveyard\quarentena\_backup\backup_20260120_163822\.quarantine\legacy\20260120_151252\tools\legacy_backup\run_tests_with_log.py","OUTRO","5","0","True","True","5","ORFAO / CANDIDATO A EXCLUSAO"
"scripts\sanitize.py","SCRIPT","9","0","True","True","5","ORFAO / CANDIDATO A EXCLUSAO"
"_graveyard\_backup\backup_20260120_163822\.quarantine\scripts\analise_geral.py","OUTRO","10","0","True","True","5","ORFAO / CANDIDATO A EXCLUSAO"
"_graveyard\quarentena\_backup\backup_20260120_163822\.quarantine\legacy\20260120_151252\tools\legacy_backup\fix_test_imports.py","OUTRO","1","0","True","True","5","ORFAO / CANDIDATO A EXCLUSAO"
"_graveyard\quarentena\_backup\backup_20260120_163822\.quarantine\legacy\20260120_151252\tools\legacy_backup\autofix_engine.py","OUTRO","4","0","False","True","5","ORFAO / CANDIDATO A EXCLUSAO"
"_graveyard\quarentena\_backup\backup_20260120_163822\.quarantine\legacy\20260120_151252\tools\legacy_backup\apply_all_patches.py","OUTRO","2","0","False","True","5","ORFAO / CANDIDATO A EXCLUSAO"
"_graveyard\quarentena\_backup\backup_20260120_163822\.quarantine\legacy\20260120_151252\tools\convert_legacy_tools.py","OUTRO","5","0","True","True","5","ORFAO / CANDIDATO A EXCLUSAO"
"_graveyard\quarentena\_backup\backup_20260120_163822\.quarantine\legacy\20260120_151252\tools\bootstrap.py","OUTRO","6","0","True","True","5","ORFAO / CANDIDATO A EXCLUSAO"
"_graveyard\_backup\backup_20260120_163822\.quarantine\scripts\scaffold_arquitetura_alvo.py","OUTRO","7","0","True","True","5","ORFAO / CANDIDATO A EXCLUSAO"
"_graveyard\.quarantine\migrar_db.py","OUTRO","1","0","False","True","5","ORFAO / CANDIDATO A EXCLUSAO"
"_graveyard\quarentena\_backup\backup_20260120_163057\.quarantine\legacy\20260120_151252\tools\legacy_backup\apply_all_patches.py","OUTRO","2","0","False","True","5","ORFAO / CANDIDATO A EXCLUSAO"
"_graveyard\.quarantine\teste_consolidacao.py","OUTRO","2","0","False","True","5","ORFAO / CANDIDATO A EXCLUSAO"
"_graveyard\_backup\backup_20260120_163822\.quarantine\teste_consolidacao.py","OUTRO","2","0","False","True","5","ORFAO / CANDIDATO A EXCLUSAO"
"_graveyard\_backup\backup_20260120_163822\.quarantine\migrar_db.py","OUTRO","1","0","False","True","5","ORFAO / CANDIDATO A EXCLUSAO"
"_graveyard\quarentena\.quarantine\legacy\20260120_151252\tools\legacy_backup\run_tests_with_log.py","OUTRO","5","0","True","True","5","ORFAO / CANDIDATO A EXCLUSAO"
"_graveyard\.quarantine\legacy\20260120_151252\tools\dashboards\admin_dashboard.py","OUTRO","5","0","False","True","5","ORFAO / CANDIDATO A EXCLUSAO"
"_graveyard\.quarantine\scripts\scaffold_arquitetura_alvo.py","OUTRO","7","0","True","True","5","ORFAO / CANDIDATO A EXCLUSAO"
"_graveyard\_backup\backup_20260120_163822\.quarantine\legacy\20260120_151252\tools\dashboards\admin_dashboard.py","OUTRO","5","0","False","True","5","ORFAO / CANDIDATO A EXCLUSAO"
"_graveyard\.quarantine\scripts\analise_geral.py","OUTRO","10","0","True","True","5","ORFAO / CANDIDATO A EXCLUSAO"
"_graveyard\_backup\backup_20260120_163822\_quarantine\auto_20260120_152602\maintenance_dashboard_window.py","OUTRO","2","0","False","True","5","ORFAO / CANDIDATO A EXCLUSAO"
"_graveyard\quarentena\.quarantine\legacy\20260120_151252\tools\legacy_backup\fix_test_imports.py","OUTRO","1","0","True","True","5","ORFAO / CANDIDATO A EXCLUSAO"
"_graveyard\quarentena\.quarantine\legacy\20260120_151252\tools\legacy_backup\autofix_engine.py","OUTRO","4","0","False","True","5","ORFAO / CANDIDATO A EXCLUSAO"
"_graveyard\quarentena\.quarantine\legacy\20260120_151252\tools\legacy_backup\apply_all_patches.py","OUTRO","2","0","False","True","5","ORFAO / CANDIDATO A EXCLUSAO"
"_graveyard\quarentena\.quarantine\legacy\20260120_151252\tools\convert_legacy_tools.py","OUTRO","5","0","True","True","5","ORFAO / CANDIDATO A EXCLUSAO"
"_graveyard\quarentena\.quarantine\legacy\20260120_151252\tools\bootstrap.py","OUTRO","6","0","True","True","5","ORFAO / CANDIDATO A EXCLUSAO"
"_graveyard\quarentena\_backup\backup_20260120_163057\legacy\20260120_151252\tools\legacy_backup\patch_statusbar_layout.py","OUTRO","2","0","False","True","5","ORFAO / CANDIDATO A EXCLUSAO"
"_graveyard\_backup\backup_20260120_163057\scripts\sanitize.py","OUTRO","9","0","True","True","5","ORFAO / CANDIDATO A EXCLUSAO"
"_graveyard\_backup\backup_20260120_163822\scripts\sanitize.py","OUTRO","9","0","True","True","5","ORFAO / CANDIDATO A EXCLUSAO"
"_graveyard\quarentena\legacy\20260120_151252\tools\legacy_backup\patch_statusbar_layout.py","OUTRO","2","0","False","True","5","ORFAO / CANDIDATO A EXCLUSAO"
"_graveyard\quarentena\_backup\backup_20260120_163822\legacy\20260120_151252\tools\legacy_backup\patch_statusbar_layout.py","OUTRO","2","0","False","True","5","ORFAO / CANDIDATO A EXCLUSAO"
"_graveyard\_backup\backup_20260120_163057\.quarantine\scripts\analise_geral.py","OUTRO","10","0","True","True","5","ORFAO / CANDIDATO A EXCLUSAO"
"_graveyard\quarentena\_backup\backup_20260120_163057\.quarantine\legacy\20260120_151252\tools\convert_legacy_tools.py","OUTRO","5","0","True","True","5","ORFAO / CANDIDATO A EXCLUSAO"
"_graveyard\_backup\backup_20260120_163057\.quarantine\migrar_db.py","OUTRO","1","0","False","True","5","ORFAO / CANDIDATO A EXCLUSAO"
"_graveyard\_backup\backup_20260120_163057\.quarantine\scripts\scaffold_arquitetura_alvo.py","OUTRO","7","0","True","True","5","ORFAO / CANDIDATO A EXCLUSAO"
"_graveyard\_quarantine\auto_20260120_152602\maintenance_dashboard_window.py","OUTRO","2","0","False","True","5","ORFAO / CANDIDATO A EXCLUSAO"
"_graveyard\_backup\backup_20260120_163057\_quarantine\auto_20260120_152602\maintenance_dashboard_window.py","OUTRO","2","0","False","True","5","ORFAO / CANDIDATO A EXCLUSAO"
"_graveyard\_backup\backup_20260120_163057\.quarantine\legacy\20260120_151252\tools\dashboards\admin_dashboard.py","OUTRO","5","0","False","True","5","ORFAO / CANDIDATO A EXCLUSAO"
"_graveyard\_backup\backup_20260120_163057\.quarantine\teste_consolidacao.py","OUTRO","2","0","False","True","5","ORFAO / CANDIDATO A EXCLUSAO"
"_graveyard\quarentena\.quarantine\legacy\20260120_151252\tools\change_engine\plan.py","OUTRO","0","0","False","False","4","SUSPEITO"
"_graveyard\_backup\backup_20260120_163057\.quarantine\ui\log_mixin.py","OUTRO","0","0","False","False","4","SUSPEITO"
"_graveyard\quarentena\.quarantine\legacy\20260120_151252\tools\change_engine\checks.py","OUTRO","0","0","False","False","4","SUSPEITO"
"_graveyard\quarentena\.quarantine\legacy\20260120_151252\tools\change_engine\__init__.py","OUTRO","0","0","False","False","4","SUSPEITO"
"_graveyard\quarentena\.quarantine\legacy\20260120_151252\tools\legacy_backup\analysis\__init__.py","OUTRO","0","0","False","False","4","SUSPEITO"
"_graveyard\.quarantine\legacy\20260120_151252\application\mapa_service.py","OUTRO","0","0","False","False","4","SUSPEITO"
"_graveyard\quarentena\.quarantine\legacy\20260120_151252\tools\change_engine\rollback.py","OUTRO","0","0","False","False","4","SUSPEITO"
"_graveyard\_backup\backup_20260120_163057\.quarantine\legacy\20260120_151252\application\mapa_service.py","OUTRO","0","0","False","False","4","SUSPEITO"
"_graveyard\.quarantine\legacy\20260120_151252\tools\dashboards\__init__.py","OUTRO","0","0","False","False","4","SUSPEITO"
"_graveyard\_backup\backup_20260120_163057\.quarantine\ui\progress_mixin.py","OUTRO","0","0","False","False","4","SUSPEITO"
"_graveyard\.quarantine\legacy\20260120_151252\tools\dashboard\tool_runner.py","OUTRO","0","0","False","False","4","SUSPEITO"
"_graveyard\.quarantine\legacy\20260120_151252\tools\dashboard\modern_dashboard.py","OUTRO","0","0","False","False","4","SUSPEITO"
"_graveyard\.quarantine\legacy\20260120_151252\tools\dashboard\log_bus.py","OUTRO","0","0","False","False","4","SUSPEITO"
"_graveyard\.quarantine\legacy\20260120_151252\tools\dashboard\__init__.py","OUTRO","0","0","False","False","4","SUSPEITO"
"_graveyard\_backup\backup_20260120_163057\.quarantine\ui\windows_utils.py","OUTRO","0","0","False","False","4","SUSPEITO"
"_graveyard\_backup\backup_20260120_163057\.quarantine\ui\states\app_states.py","OUTRO","0","0","False","False","4","SUSPEITO"
"_graveyard\_backup\backup_20260120_163057\.quarantine\ui\adapters\__init__.py","OUTRO","0","0","False","False","4","SUSPEITO"
"_graveyard\_backup\backup_20260120_163057\.quarantine\core\__init__.py","OUTRO","0","0","False","False","4","SUSPEITO"
"_graveyard\_backup\backup_20260120_163057\.quarantine\tests\helpers\assert_logs.py","OUTRO","0","0","False","False","4","SUSPEITO"
"_graveyard\_backup\backup_20260120_163057\.quarantine\core\geo_stats.py","OUTRO","0","0","False","False","4","SUSPEITO"
"_graveyard\_backup\backup_20260120_163057\.quarantine\core\heatmap_data.py","OUTRO","0","0","False","False","4","SUSPEITO"
"_graveyard\.quarantine\legacy\20260120_151252\application\__init__.py","OUTRO","0","0","False","False","4","SUSPEITO"
"_graveyard\_backup\backup_20260120_163057\.quarantine\legacy\20260120_151252\tools\dashboard\__init__.py","OUTRO","0","0","False","False","4","SUSPEITO"
"_graveyard\quarentena\.quarantine\legacy\20260120_151252\tools\change_engine\verifiers.py","OUTRO","0","0","False","False","4","SUSPEITO"
"_graveyard\quarentena\.quarantine\legacy\20260120_151252\tools\change_engine\step.py","OUTRO","0","0","False","False","4","SUSPEITO"
"_graveyard\_backup\backup_20260120_163057\.quarantine\legacy\20260120_151252\application\__init__.py","OUTRO","0","0","False","False","4","SUSPEITO"
"_graveyard\_backup\backup_20260120_163057\admin\__init__.py","OUTRO","0","0","False","False","4","SUSPEITO"
"_graveyard\quarentena\legacy\20260120_151252\tools\legacy_backup\analyze_project.py","OUTRO","0","0","False","False","4","SUSPEITO"
"_graveyard\_backup\backup_20260120_163057\.quarantine\legacy\20260120_151252\tools\dashboards\__init__.py","OUTRO","0","0","False","False","4","SUSPEITO"
"_graveyard\quarentena\_backup\backup_20260120_163057\.quarantine\legacy\20260120_151252\tools\legacy_backup\analysis\__init__.py","OUTRO","0","0","False","False","4","SUSPEITO"
"_graveyard\_backup\backup_20260120_163057\.quarantine\legacy\20260120_151252\tools\dashboard\tool_runner.py","OUTRO","0","0","False","False","4","SUSPEITO"
"_graveyard\quarentena\_backup\backup_20260120_163057\.quarantine\legacy\20260120_151252\tools\change_engine\__init__.py","OUTRO","0","0","False","False","4","SUSPEITO"
"_graveyard\quarentena\_backup\backup_20260120_163057\.quarantine\legacy\20260120_151252\tools\change_engine\checks.py","OUTRO","0","0","False","False","4","SUSPEITO"
"_graveyard\quarentena\_backup\backup_20260120_163057\.quarantine\legacy\20260120_151252\tools\change_engine\plan.py","OUTRO","0","0","False","False","4","SUSPEITO"
"_graveyard\quarentena\_backup\backup_20260120_163057\.quarantine\legacy\20260120_151252\tools\change_engine\rollback.py","OUTRO","0","0","False","False","4","SUSPEITO"
"_graveyard\quarentena\legacy\20260120_151252\tools\change_engine\registry.py","OUTRO","0","0","False","False","4","SUSPEITO"
"_graveyard\quarentena\_backup\backup_20260120_163057\.quarantine\legacy\20260120_151252\tools\change_engine\step.py","OUTRO","0","0","False","False","4","SUSPEITO"
"_graveyard\_backup\backup_20260120_163057\.quarantine\ui\__init__.py","OUTRO","0","0","False","False","4","SUSPEITO"
"_graveyard\_backup\backup_20260120_163822\.quarantine\legacy\20260120_151252\application\mapa_service.py","OUTRO","0","0","False","False","4","SUSPEITO"
"_graveyard\quarentena\_backup\backup_20260120_163057\.quarantine\legacy\20260120_151252\tools\plans\plan_limpeza_tools.py","OUTRO","0","0","False","False","4","SUSPEITO"
"_graveyard\quarentena\_backup\backup_20260120_163057\.quarantine\legacy\20260120_151252\tools\maintenance\__init__.py","OUTRO","0","0","False","False","4","SUSPEITO"
"_graveyard\_backup\backup_20260120_163057\admin\core\__init__.py","OUTRO","0","0","False","False","4","SUSPEITO"
"_graveyard\quarentena\_backup\backup_20260120_163057\.quarantine\legacy\20260120_151252\tools\engine\__init__.py","OUTRO","0","0","False","False","4","SUSPEITO"
"_graveyard\quarentena\.quarantine\legacy\20260120_151252\tools\engine\__init__.py","OUTRO","0","0","False","False","4","SUSPEITO"
"_graveyard\quarentena\_backup\backup_20260120_163057\legacy\20260120_151252\tools\legacy_backup\analyze_project.py","OUTRO","0","0","False","False","4","SUSPEITO"
"_graveyard\quarentena\.quarantine\legacy\20260120_151252\tools\maintenance\__init__.py","OUTRO","0","0","False","False","4","SUSPEITO"
"_graveyard\quarentena\.quarantine\legacy\20260120_151252\tools\plans\plan_limpeza_tools.py","OUTRO","0","0","False","False","4","SUSPEITO"
"_graveyard\quarentena\legacy\20260120_151252\tools\change_engine\engine.py","OUTRO","0","0","False","False","4","SUSPEITO"
"_graveyard\_backup\backup_20260120_163057\.quarantine\legacy\20260120_151252\tools\dashboard\modern_dashboard.py","OUTRO","0","0","False","False","4","SUSPEITO"
"_graveyard\_backup\backup_20260120_163057\.quarantine\legacy\20260120_151252\tools\dashboard\log_bus.py","OUTRO","0","0","False","False","4","SUSPEITO"
"_graveyard\quarentena\.quarantine\legacy\20260120_151252\tools\plans\__init__.py","OUTRO","0","0","False","False","4","SUSPEITO"
"_graveyard\quarentena\_backup\backup_20260120_163057\.quarantine\legacy\20260120_151252\tools\plans\__init__.py","OUTRO","0","0","False","False","4","SUSPEITO"
"_graveyard\quarentena\_backup\backup_20260120_163057\.quarantine\legacy\20260120_151252\tools\change_engine\verifiers.py","OUTRO","0","0","False","False","4","SUSPEITO"
"_graveyard\.quarantine\tests\helpers\assert_logs.py","OUTRO","0","0","False","False","4","SUSPEITO"
"_graveyard\quarentena\_backup\backup_20260120_163822\.quarantine\legacy\20260120_151252\tools\legacy_backup\analysis\__init__.py","OUTRO","0","0","False","False","4","SUSPEITO"
"admin\core\risk_score.py","ADMIN","0","0","False","False","4","SUSPEITO"
"admin\core\dependency_tree.py","ADMIN","0","0","False","False","4","SUSPEITO"
"_graveyard\_backup\backup_20260120_163822\.quarantine\ui\progress_mixin.py","OUTRO","0","0","False","False","4","SUSPEITO"
"admin\core\__init__.py","ADMIN","0","0","False","False","4","SUSPEITO"
"_graveyard\_backup\backup_20260120_163822\.quarantine\ui\windows_utils.py","OUTRO","0","0","False","False","4","SUSPEITO"
"admin\__init__.py","ADMIN","0","0","False","False","4","SUSPEITO"
"_graveyard\_backup\backup_20260120_163822\.quarantine\ui\states\app_states.py","OUTRO","0","0","False","False","4","SUSPEITO"
"_graveyard\_backup\backup_20260120_163822\.quarantine\ui\adapters\__init__.py","OUTRO","0","0","False","False","4","SUSPEITO"
"_graveyard\.quarantine\tests\__init__.py","OUTRO","0","0","False","False","4","SUSPEITO"
"_graveyard\quarentena\_backup\backup_20260120_163822\.quarantine\legacy\20260120_151252\tools\change_engine\__init__.py","OUTRO","0","0","False","False","4","SUSPEITO"
"_graveyard\quarentena\_backup\backup_20260120_163822\.quarantine\legacy\20260120_151252\tools\change_engine\checks.py","OUTRO","0","0","False","False","4","SUSPEITO"
"_graveyard\quarentena\_backup\backup_20260120_163822\.quarantine\legacy\20260120_151252\tools\change_engine\plan.py","OUTRO","0","0","False","False","4","SUSPEITO"
"_graveyard\quarentena\_backup\backup_20260120_163822\.quarantine\legacy\20260120_151252\tools\change_engine\rollback.py","OUTRO","0","0","False","False","4","SUSPEITO"
"_graveyard\_backup\backup_20260120_163822\.quarantine\core\__init__.py","OUTRO","0","0","False","False","4","SUSPEITO"
"_graveyard\quarentena\_backup\backup_20260120_163822\.quarantine\legacy\20260120_151252\tools\change_engine\step.py","OUTRO","0","0","False","False","4","SUSPEITO"
"_graveyard\quarentena\_backup\backup_20260120_163822\.quarantine\legacy\20260120_151252\tools\change_engine\verifiers.py","OUTRO","0","0","False","False","4","SUSPEITO"
"_graveyard\quarentena\_backup\backup_20260120_163822\.quarantine\legacy\20260120_151252\tools\plans\__init__.py","OUTRO","0","0","False","False","4","SUSPEITO"
"_graveyard\quarentena\_backup\backup_20260120_163822\.quarantine\legacy\20260120_151252\tools\plans\plan_limpeza_tools.py","OUTRO","0","0","False","False","4","SUSPEITO"
"_graveyard\quarentena\_backup\backup_20260120_163822\.quarantine\legacy\20260120_151252\tools\maintenance\__init__.py","OUTRO","0","0","False","False","4","SUSPEITO"
"_graveyard\quarentena\_backup\backup_20260120_163822\.quarantine\legacy\20260120_151252\tools\engine\__init__.py","OUTRO","0","0","False","False","4","SUSPEITO"
"_graveyard\quarentena\_backup\backup_20260120_163822\legacy\20260120_151252\tools\legacy_backup\analyze_project.py","OUTRO","0","0","False","False","4","SUSPEITO"
"_graveyard\_backup\backup_20260120_163822\.quarantine\core\geo_stats.py","OUTRO","0","0","False","False","4","SUSPEITO"
"_graveyard\_backup\backup_20260120_163822\.quarantine\core\heatmap_data.py","OUTRO","0","0","False","False","4","SUSPEITO"
"_graveyard\_backup\backup_20260120_163822\.quarantine\tests\__init__.py","OUTRO","0","0","False","False","4","SUSPEITO"
"_graveyard\quarentena\_backup\backup_20260120_163822\legacy\20260120_151252\tools\change_engine\engine.py","OUTRO","0","0","False","False","4","SUSPEITO"
"_graveyard\quarentena\_backup\backup_20260120_163822\legacy\20260120_151252\tools\change_engine\registry.py","OUTRO","0","0","False","False","4","SUSPEITO"
"_graveyard\_backup\backup_20260120_163822\.quarantine\tests\helpers\assert_logs.py","OUTRO","0","0","False","False","4","SUSPEITO"
"_graveyard\_backup\backup_20260120_163822\.quarantine\ui\log_mixin.py","OUTRO","0","0","False","False","4","SUSPEITO"
"_graveyard\_backup\backup_20260120_163822\.quarantine\ui\__init__.py","OUTRO","0","0","False","False","4","SUSPEITO"
"_graveyard\_backup\backup_20260120_163057\.quarantine\tests\__init__.py","OUTRO","0","0","False","False","4","SUSPEITO"
"_graveyard\quarentena\_backup\backup_20260120_163057\legacy\20260120_151252\tools\change_engine\registry.py","OUTRO","0","0","False","False","4","SUSPEITO"
"_graveyard\.quarantine\core\heatmap_data.py","OUTRO","0","0","False","False","4","SUSPEITO"
"_graveyard\_backup\backup_20260120_163822\.quarantine\legacy\20260120_151252\application\__init__.py","OUTRO","0","0","False","False","4","SUSPEITO"
"_graveyard\.quarantine\core\geo_stats.py","OUTRO","0","0","False","False","4","SUSPEITO"
"_graveyard\.quarantine\ui\__init__.py","OUTRO","0","0","False","False","4","SUSPEITO"
"_graveyard\.quarantine\core\__init__.py","OUTRO","0","0","False","False","4","SUSPEITO"
"_graveyard\_backup\backup_20260120_163822\.quarantine\legacy\20260120_151252\tools\dashboards\__init__.py","OUTRO","0","0","False","False","4","SUSPEITO"
"_graveyard\.quarantine\ui\adapters\__init__.py","OUTRO","0","0","False","False","4","SUSPEITO"
"_graveyard\.quarantine\ui\states\app_states.py","OUTRO","0","0","False","False","4","SUSPEITO"
"_graveyard\_backup\backup_20260120_163822\.quarantine\legacy\20260120_151252\tools\dashboard\tool_runner.py","OUTRO","0","0","False","False","4","SUSPEITO"
"_graveyard\_backup\backup_20260120_163822\.quarantine\legacy\20260120_151252\tools\dashboard\modern_dashboard.py","OUTRO","0","0","False","False","4","SUSPEITO"
"_graveyard\_backup\backup_20260120_163822\admin\core\__init__.py","OUTRO","0","0","False","False","4","SUSPEITO"
"_graveyard\.quarantine\ui\windows_utils.py","OUTRO","0","0","False","False","4","SUSPEITO"
"_graveyard\_backup\backup_20260120_163822\.quarantine\legacy\20260120_151252\tools\dashboard\log_bus.py","OUTRO","0","0","False","False","4","SUSPEITO"
"_graveyard\_backup\backup_20260120_163822\admin\__init__.py","OUTRO","0","0","False","False","4","SUSPEITO"
"_graveyard\quarentena\_backup\backup_20260120_163057\legacy\20260120_151252\tools\change_engine\engine.py","OUTRO","0","0","False","False","4","SUSPEITO"
"_graveyard\_backup\backup_20260120_163822\.quarantine\legacy\20260120_151252\tools\dashboard\__init__.py","OUTRO","0","0","False","False","4","SUSPEITO"
"_graveyard\.quarantine\ui\progress_mixin.py","OUTRO","0","0","False","False","4","SUSPEITO"
"_graveyard\.quarantine\ui\log_mixin.py","OUTRO","0","0","False","False","4","SUSPEITO"
"_graveyard\quarentena\.quarantine\legacy\20260120_151252\tools\legacy_backup\patches\patch_progress.py","OUTRO","1","0","False","False","3","SUSPEITO"
"_graveyard\_backup\backup_20260120_163822\.quarantine\core\ors_client.py","OUTRO","1","0","False","False","3","SUSPEITO"
"_graveyard\_backup\backup_20260120_163822\.quarantine\core\simulador.py","OUTRO","2","0","False","False","3","SUSPEITO"
"_graveyard\_backup\backup_20260120_163822\.quarantine\core\validacao_coords.py","OUTRO","1","0","False","False","3","SUSPEITO"
"_graveyard\_backup\backup_20260120_163057\.quarantine\_quarantine\auto_20260120_152602\dashboard_main.py","OUTRO","1","0","True","False","3","SUSPEITO"
"_graveyard\_backup\backup_20260120_163822\.quarantine\legacy\20260120_151252\application\dto.py","OUTRO","2","0","False","False","3","SUSPEITO"
"_graveyard\_backup\backup_20260120_163057\.quarantine\_quarantine\auto_20260120_152602\admin_dashboard_window.py","OUTRO","3","0","False","False","3","SUSPEITO"
"_graveyard\_backup\backup_20260120_163822\.quarantine\tests\conftest.py","OUTRO","1","0","False","False","3","SUSPEITO"
"_graveyard\_backup\backup_20260120_163822\.quarantine\tests\test_core_basico.py","OUTRO","2","0","False","False","3","SUSPEITO"
"_graveyard\_backup\backup_20260120_163822\.quarantine\tests\test_core_cancelamento.py","OUTRO","4","0","False","False","3","SUSPEITO"
"_graveyard\_backup\backup_20260120_163057\.quarantine\tests\unit\calculo\test_cancelamento.py","OUTRO","3","0","False","False","3","SUSPEITO"
"_graveyard\_backup\backup_20260120_163822\.quarantine\legacy\20260120_151252\application\ports.py","OUTRO","1","0","False","False","3","SUSPEITO"
"_graveyard\_backup\backup_20260120_163057\.quarantine\tests\unit\calculo\test_calculo_aceita_alerta.py","OUTRO","2","0","False","False","3","SUSPEITO"
"_graveyard\_backup\backup_20260120_163057\.quarantine\tests\conftest.py","OUTRO","1","0","False","False","3","SUSPEITO"
"_graveyard\_backup\backup_20260120_163057\.quarantine\tests\unit\core\test_coord_validator.py","OUTRO","1","0","False","False","3","SUSPEITO"
"_graveyard\_backup\backup_20260120_163822\.quarantine\legacy\20260120_151252\application\events.py","OUTRO","1","0","False","False","3","SUSPEITO"
"_graveyard\_backup\backup_20260120_163822\.quarantine\tests\test_core_retry.py","OUTRO","1","0","False","False","3","SUSPEITO"
"_graveyard\quarentena\legacy\20260120_151252\tools\legacy_backup\diff_layout.py","OUTRO","1","0","False","False","3","SUSPEITO"
"_graveyard\_backup\backup_20260120_163822\.quarantine\tests\integration\test_fluxo_preprocessador.py","OUTRO","2","0","False","False","3","SUSPEITO"
"_graveyard\_backup\backup_20260120_163822\core\utils.py","OUTRO","1","0","False","False","3","SUSPEITO"
"_graveyard\_backup\backup_20260120_163057\.quarantine\tests\integration\test_fluxo_preprocessador.py","OUTRO","2","0","False","False","3","SUSPEITO"
"_graveyard\_backup\backup_20260120_163057\.quarantine\tests\test_core_retry.py","OUTRO","1","0","False","False","3","SUSPEITO"
"_graveyard\_backup\backup_20260120_163057\.quarantine\tests\test_core_cancelamento.py","OUTRO","4","0","False","False","3","SUSPEITO"
"_graveyard\_backup\backup_20260120_163822\.quarantine\tests\unit\calculo\test_cancelamento.py","OUTRO","3","0","False","False","3","SUSPEITO"
"_graveyard\_backup\backup_20260120_163057\.quarantine\tests\test_core_basico.py","OUTRO","2","0","False","False","3","SUSPEITO"
"_graveyard\_backup\backup_20260120_163822\.quarantine\tests\unit\core\test_coord_validator.py","OUTRO","1","0","False","False","3","SUSPEITO"
"_graveyard\_backup\backup_20260120_163057\.quarantine\tests\unit\calculo\test_calculo_bloqueia_erro.py","OUTRO","3","0","False","False","3","SUSPEITO"
"_graveyard\_backup\backup_20260120_163822\.quarantine\core\geocoder.py","OUTRO","2","0","False","False","3","SUSPEITO"
"_graveyard\_backup\backup_20260120_163822\.quarantine\core\fluxo_validacao.py","OUTRO","1","0","False","False","3","SUSPEITO"
"_graveyard\_backup\backup_20260120_163822\.quarantine\ui\exportador_excel.py","OUTRO","2","0","False","False","3","SUSPEITO"
"_graveyard\_backup\backup_20260120_163822\.quarantine\ui\windows\maintenance_window.py","OUTRO","2","0","False","False","3","SUSPEITO"
"_graveyard\_backup\backup_20260120_163822\.quarantine\ui\componentes\confirm_open_modal.py","OUTRO","2","0","False","False","3","SUSPEITO"
"_graveyard\_backup\backup_20260120_163822\.quarantine\ui\splash.py","OUTRO","3","0","False","False","3","SUSPEITO"
"_graveyard\quarentena\.quarantine\legacy\20260120_151252\tools\impl\toolsanalyzer.py","OUTRO","3","0","False","False","3","SUSPEITO"
"_graveyard\_backup\backup_20260120_163822\.quarantine\ui\adapters\calculo_adapter.py","OUTRO","2","0","False","False","3","SUSPEITO"
"_graveyard\quarentena\legacy\20260120_151252\tools\legacy_backup\analyzer.py","OUTRO","1","0","False","False","3","SUSPEITO"
"_graveyard\quarentena\legacy\20260120_151252\tools\legacy_backup\apply_patches.py","OUTRO","1","0","False","False","3","SUSPEITO"
"_graveyard\quarentena\legacy\20260120_151252\tools\legacy_backup\diff_behavior.py","OUTRO","1","0","False","False","3","SUSPEITO"
"_graveyard\quarentena\legacy\20260120_151252\tools\legacy_backup\diff_contracts.py","OUTRO","4","0","False","False","3","SUSPEITO"
"_graveyard\_backup\backup_20260120_163822\main.py","OUTRO","2","0","False","False","3","SUSPEITO"
"_graveyard\_backup\backup_20260120_163057\.quarantine\legacy\20260120_151252\application\ports.py","OUTRO","1","0","False","False","3","SUSPEITO"
"_graveyard\_backup\backup_20260120_163822\.quarantine\_quarantine\auto_20260120_152602\dashboard_main.py","OUTRO","1","0","True","False","3","SUSPEITO"
"_graveyard\_backup\backup_20260120_163822\.quarantine\_quarantine\auto_20260120_152602\admin_dashboard_window.py","OUTRO","3","0","False","False","3","SUSPEITO"
"_graveyard\quarentena\.quarantine\legacy\20260120_151252\tools\impl\emergencyfix.py","OUTRO","3","0","False","False","3","SUSPEITO"
"_graveyard\_backup\backup_20260120_163822\.quarantine\ui\modelo_excel.py","OUTRO","2","0","False","False","3","SUSPEITO"
"_graveyard\quarentena\.quarantine\legacy\20260120_151252\tools\legacy_backup\run_analysis.py","OUTRO","1","0","True","False","3","SUSPEITO"
"_graveyard\_backup\backup_20260120_163057\.quarantine\legacy\20260120_151252\application\events.py","OUTRO","1","0","False","False","3","SUSPEITO"
"_graveyard\quarentena\.quarantine\legacy\20260120_151252\tools\legacy_backup\rollback.py","OUTRO","3","0","False","False","3","SUSPEITO"
"_graveyard\_backup\backup_20260120_163057\.quarantine\legacy\20260120_151252\application\dto.py","OUTRO","2","0","False","False","3","SUSPEITO"
"_graveyard\_backup\backup_20260120_163822\.quarantine\ui\message_modal.py","OUTRO","2","0","False","False","3","SUSPEITO"
"_graveyard\quarentena\.quarantine\legacy\20260120_151252\tools\legacy_backup\maintenance_engine.py","OUTRO","2","0","False","False","3","SUSPEITO"
"_graveyard\_backup\backup_20260120_163822\.quarantine\core\auditoria_log.py","OUTRO","1","0","False","False","3","SUSPEITO"
"_graveyard\_backup\backup_20260120_163822\application\services\calculo_service.py","OUTRO","1","0","False","False","3","SUSPEITO"
"_graveyard\_backup\backup_20260120_163822\.quarantine\core\error_summary.py","OUTRO","2","0","False","False","3","SUSPEITO"
"_graveyard\_backup\backup_20260120_163822\.quarantine\core\events.py","OUTRO","1","0","False","False","3","SUSPEITO"
"_graveyard\_backup\backup_20260120_163822\.quarantine\ui\tooltip.py","OUTRO","1","0","False","False","3","SUSPEITO"
"_graveyard\quarentena\.quarantine\legacy\20260120_151252\tools\impl\databasecleanup.py","OUTRO","3","0","False","False","3","SUSPEITO"
"_graveyard\_backup\backup_20260120_163822\legacy\20260120_151252\tools\maintenance\maintenance_dashboard.py","OUTRO","1","0","False","False","3","SUSPEITO"
"main.py","OUTRO","1","0","True","False","3","SUSPEITO"
"_graveyard\_backup\backup_20260120_163057\.quarantine\core\simulador.py","OUTRO","2","0","False","False","3","SUSPEITO"
"_graveyard\.quarantine\ui\tooltip.py","OUTRO","1","0","False","False","3","SUSPEITO"
"_graveyard\quarentena\_backup\backup_20260120_163057\legacy\20260120_151252\tools\legacy_backup\analysis\project_analyzer.py","OUTRO","7","0","False","False","3","SUSPEITO"
"_graveyard\.quarantine\ui\windows\maintenance_window.py","OUTRO","2","0","False","False","3","SUSPEITO"
"_graveyard\.quarantine\ui\componentes\confirm_open_modal.py","OUTRO","2","0","False","False","3","SUSPEITO"
"_graveyard\.quarantine\ui\adapters\calculo_adapter.py","OUTRO","2","0","False","False","3","SUSPEITO"
"_graveyard\.quarantine\core\auditoria_log.py","OUTRO","1","0","False","False","3","SUSPEITO"
"_graveyard\.quarantine\core\error_summary.py","OUTRO","2","0","False","False","3","SUSPEITO"
"_graveyard\.quarantine\core\events.py","OUTRO","1","0","False","False","3","SUSPEITO"
"_graveyard\.quarantine\core\fluxo_validacao.py","OUTRO","1","0","False","False","3","SUSPEITO"
"_graveyard\.quarantine\core\geocoder.py","OUTRO","2","0","False","False","3","SUSPEITO"
"_graveyard\.quarantine\ui\splash.py","OUTRO","3","0","False","False","3","SUSPEITO"
"_graveyard\.quarantine\core\ors_client.py","OUTRO","1","0","False","False","3","SUSPEITO"
"_graveyard\.quarantine\core\validacao_coords.py","OUTRO","1","0","False","False","3","SUSPEITO"
"_graveyard\.quarantine\tests\conftest.py","OUTRO","1","0","False","False","3","SUSPEITO"
"_graveyard\.quarantine\tests\test_core_basico.py","OUTRO","2","0","False","False","3","SUSPEITO"
"_graveyard\.quarantine\tests\test_core_cancelamento.py","OUTRO","4","0","False","False","3","SUSPEITO"
"_graveyard\.quarantine\tests\test_core_retry.py","OUTRO","1","0","False","False","3","SUSPEITO"
"_graveyard\.quarantine\tests\integration\test_fluxo_preprocessador.py","OUTRO","2","0","False","False","3","SUSPEITO"
"_graveyard\_backup\backup_20260120_163057\.quarantine\core\validacao_coords.py","OUTRO","1","0","False","False","3","SUSPEITO"
"_graveyard\.quarantine\tests\unit\core\test_coord_validator.py","OUTRO","1","0","False","False","3","SUSPEITO"
"_graveyard\.quarantine\tests\unit\calculo\test_calculo_aceita_alerta.py","OUTRO","2","0","False","False","3","SUSPEITO"
"_graveyard\.quarantine\tests\unit\calculo\test_calculo_bloqueia_erro.py","OUTRO","3","0","False","False","3","SUSPEITO"
"_graveyard\.quarantine\core\simulador.py","OUTRO","2","0","False","False","3","SUSPEITO"
"_graveyard\.quarantine\ui\modelo_excel.py","OUTRO","2","0","False","False","3","SUSPEITO"
"_graveyard\.quarantine\ui\message_modal.py","OUTRO","2","0","False","False","3","SUSPEITO"
"_graveyard\.quarantine\ui\exportador_excel.py","OUTRO","2","0","False","False","3","SUSPEITO"
"_graveyard\legacy\20260120_151252\tools\maintenance\maintenance_dashboard.py","OUTRO","1","0","False","False","3","SUSPEITO"
"_graveyard\quarentena\_backup\backup_20260120_163822\legacy\20260120_151252\tools\legacy_backup\analysis\project_analyzer.py","OUTRO","7","0","False","False","3","SUSPEITO"
"_graveyard\quarentena\_backup\backup_20260120_163822\legacy\20260120_151252\tools\legacy_backup\patches\patch_statusbar.py","OUTRO","1","0","False","False","3","SUSPEITO"
"_graveyard\quarentena\_backup\backup_20260120_163822\legacy\20260120_151252\tools\legacy_backup\patches\patch_core_excel.py","OUTRO","2","0","False","False","3","SUSPEITO"
"_graveyard\quarentena\_backup\backup_20260120_163822\legacy\20260120_151252\tools\legacy_backup\patch_registry.py","OUTRO","2","0","False","False","3","SUSPEITO"
"_graveyard\quarentena\_backup\backup_20260120_163822\legacy\20260120_151252\tools\legacy_backup\diff_layout.py","OUTRO","1","0","False","False","3","SUSPEITO"
"_graveyard\quarentena\_backup\backup_20260120_163822\legacy\20260120_151252\tools\legacy_backup\diff_contracts.py","OUTRO","4","0","False","False","3","SUSPEITO"
"ui\componentes\confirm_open_modal.py","UI","3","0","False","False","3","SUSPEITO"
"_graveyard\quarentena\_backup\backup_20260120_163822\legacy\20260120_151252\tools\legacy_backup\diff_behavior.py","OUTRO","1","0","False","False","3","SUSPEITO"
"_graveyard\quarentena\_backup\backup_20260120_163822\legacy\20260120_151252\tools\legacy_backup\apply_patches.py","OUTRO","1","0","False","False","3","SUSPEITO"
"_graveyard\quarentena\_backup\backup_20260120_163822\legacy\20260120_151252\tools\legacy_backup\analyzer.py","OUTRO","1","0","False","False","3","SUSPEITO"
"_graveyard\quarentena\_backup\backup_20260120_163822\.quarantine\legacy\20260120_151252\tools\impl\toolsanalyzer.py","OUTRO","3","0","False","False","3","SUSPEITO"
"_graveyard\quarentena\_backup\backup_20260120_163822\.quarantine\legacy\20260120_151252\tools\impl\emergencyfix.py","OUTRO","3","0","False","False","3","SUSPEITO"
"_graveyard\quarentena\_backup\backup_20260120_163822\.quarantine\legacy\20260120_151252\tools\impl\databasecleanup.py","OUTRO","3","0","False","False","3","SUSPEITO"
"_graveyard\quarentena\_backup\backup_20260120_163822\.quarantine\legacy\20260120_151252\tools\legacy_backup\patches\patch_progress.py","OUTRO","1","0","False","False","3","SUSPEITO"
"core\utils.py","CORE","1","0","False","False","3","SUSPEITO"
"application\services\calculo_service.py","OUTRO","1","0","False","False","3","SUSPEITO"
"_graveyard\quarentena\_backup\backup_20260120_163822\.quarantine\legacy\20260120_151252\tools\legacy_backup\run_analysis.py","OUTRO","1","0","True","False","3","SUSPEITO"
"_graveyard\quarentena\_backup\backup_20260120_163822\.quarantine\legacy\20260120_151252\tools\legacy_backup\rollback.py","OUTRO","3","0","False","False","3","SUSPEITO"
"admin\sanitize.py","ADMIN","6","0","True","False","3","SUSPEITO"
"_graveyard\quarentena\_backup\backup_20260120_163822\.quarantine\legacy\20260120_151252\tools\legacy_backup\maintenance_engine.py","OUTRO","2","0","False","False","3","SUSPEITO"
"admin\core\heatmap.py","ADMIN","1","0","False","False","3","SUSPEITO"
"admin\core\risk.py","ADMIN","1","0","False","False","3","SUSPEITO"
"_graveyard\.quarantine\tests\unit\calculo\test_cancelamento.py","OUTRO","3","0","False","False","3","SUSPEITO"
"_graveyard\.quarantine\_quarantine\auto_20260120_152602\admin_dashboard_window.py","OUTRO","3","0","False","False","3","SUSPEITO"
"_graveyard\quarentena\_backup\backup_20260120_163057\legacy\20260120_151252\tools\legacy_backup\patches\patch_statusbar.py","OUTRO","1","0","False","False","3","SUSPEITO"
"_graveyard\_backup\backup_20260120_163822\.quarantine\tests\unit\calculo\test_calculo_aceita_alerta.py","OUTRO","2","0","False","False","3","SUSPEITO"
"_graveyard\_backup\backup_20260120_163057\legacy\20260120_151252\tools\maintenance\maintenance_dashboard.py","OUTRO","1","0","False","False","3","SUSPEITO"
"_graveyard\.quarantine\_quarantine\auto_20260120_152602\dashboard_main.py","OUTRO","1","0","True","False","3","SUSPEITO"
"_graveyard\_backup\backup_20260120_163057\application\services\calculo_service.py","OUTRO","1","0","False","False","3","SUSPEITO"
"_graveyard\quarentena\legacy\20260120_151252\tools\legacy_backup\analysis\project_analyzer.py","OUTRO","7","0","False","False","3","SUSPEITO"
"_graveyard\quarentena\legacy\20260120_151252\tools\legacy_backup\patches\patch_statusbar.py","OUTRO","1","0","False","False","3","SUSPEITO"
"_graveyard\quarentena\legacy\20260120_151252\tools\legacy_backup\patches\patch_core_excel.py","OUTRO","2","0","False","False","3","SUSPEITO"
"_graveyard\_backup\backup_20260120_163057\.quarantine\ui\exportador_excel.py","OUTRO","2","0","False","False","3","SUSPEITO"
"_graveyard\_backup\backup_20260120_163057\.quarantine\ui\message_modal.py","OUTRO","2","0","False","False","3","SUSPEITO"
"_graveyard\_backup\backup_20260120_163057\.quarantine\ui\modelo_excel.py","OUTRO","2","0","False","False","3","SUSPEITO"
"_graveyard\_backup\backup_20260120_163057\.quarantine\ui\splash.py","OUTRO","3","0","False","False","3","SUSPEITO"
"_graveyard\_backup\backup_20260120_163057\.quarantine\ui\tooltip.py","OUTRO","1","0","False","False","3","SUSPEITO"
"_graveyard\quarentena\legacy\20260120_151252\tools\legacy_backup\patch_registry.py","OUTRO","2","0","False","False","3","SUSPEITO"
"_graveyard\_backup\backup_20260120_163057\.quarantine\ui\windows\maintenance_window.py","OUTRO","2","0","False","False","3","SUSPEITO"
"_graveyard\_backup\backup_20260120_163057\.quarantine\ui\componentes\confirm_open_modal.py","OUTRO","2","0","False","False","3","SUSPEITO"
"_graveyard\_backup\backup_20260120_163057\.quarantine\ui\adapters\calculo_adapter.py","OUTRO","2","0","False","False","3","SUSPEITO"
"_graveyard\_backup\backup_20260120_163057\.quarantine\core\auditoria_log.py","OUTRO","1","0","False","False","3","SUSPEITO"
"_graveyard\_backup\backup_20260120_163057\.quarantine\core\error_summary.py","OUTRO","2","0","False","False","3","SUSPEITO"
"_graveyard\_backup\backup_20260120_163057\.quarantine\core\events.py","OUTRO","1","0","False","False","3","SUSPEITO"
"_graveyard\_backup\backup_20260120_163057\.quarantine\core\fluxo_validacao.py","OUTRO","1","0","False","False","3","SUSPEITO"
"_graveyard\_backup\backup_20260120_163057\.quarantine\core\geocoder.py","OUTRO","2","0","False","False","3","SUSPEITO"
"_graveyard\_backup\backup_20260120_163057\.quarantine\core\ors_client.py","OUTRO","1","0","False","False","3","SUSPEITO"
"_graveyard\_backup\backup_20260120_163057\core\utils.py","OUTRO","1","0","False","False","3","SUSPEITO"
"_graveyard\quarentena\_backup\backup_20260120_163057\.quarantine\legacy\20260120_151252\tools\legacy_backup\maintenance_engine.py","OUTRO","2","0","False","False","3","SUSPEITO"
"_graveyard\_backup\backup_20260120_163822\.quarantine\tests\unit\calculo\test_calculo_bloqueia_erro.py","OUTRO","3","0","False","False","3","SUSPEITO"
"_graveyard\quarentena\_backup\backup_20260120_163057\legacy\20260120_151252\tools\legacy_backup\analyzer.py","OUTRO","1","0","False","False","3","SUSPEITO"
"_graveyard\quarentena\_backup\backup_20260120_163057\.quarantine\legacy\20260120_151252\tools\impl\emergencyfix.py","OUTRO","3","0","False","False","3","SUSPEITO"
"_graveyard\quarentena\_backup\backup_20260120_163057\.quarantine\legacy\20260120_151252\tools\impl\databasecleanup.py","OUTRO","3","0","False","False","3","SUSPEITO"
"_graveyard\quarentena\_backup\backup_20260120_163057\legacy\20260120_151252\tools\legacy_backup\apply_patches.py","OUTRO","1","0","False","False","3","SUSPEITO"
"_graveyard\quarentena\_backup\backup_20260120_163057\legacy\20260120_151252\tools\legacy_backup\diff_behavior.py","OUTRO","1","0","False","False","3","SUSPEITO"
"_graveyard\quarentena\_backup\backup_20260120_163057\legacy\20260120_151252\tools\legacy_backup\diff_contracts.py","OUTRO","4","0","False","False","3","SUSPEITO"
"_graveyard\quarentena\_backup\backup_20260120_163057\legacy\20260120_151252\tools\legacy_backup\diff_layout.py","OUTRO","1","0","False","False","3","SUSPEITO"
"_graveyard\quarentena\_backup\backup_20260120_163057\legacy\20260120_151252\tools\legacy_backup\patch_registry.py","OUTRO","2","0","False","False","3","SUSPEITO"
"_graveyard\quarentena\_backup\backup_20260120_163057\legacy\20260120_151252\tools\legacy_backup\patches\patch_core_excel.py","OUTRO","2","0","False","False","3","SUSPEITO"
"_graveyard\quarentena\_backup\backup_20260120_163057\.quarantine\legacy\20260120_151252\tools\impl\toolsanalyzer.py","OUTRO","3","0","False","False","3","SUSPEITO"
"_graveyard\_backup\backup_20260120_163057\main.py","OUTRO","2","0","False","False","3","SUSPEITO"
"_graveyard\.quarantine\legacy\20260120_151252\application\ports.py","OUTRO","1","0","False","False","3","SUSPEITO"
"_graveyard\.quarantine\legacy\20260120_151252\application\events.py","OUTRO","1","0","False","False","3","SUSPEITO"
"_graveyard\.quarantine\legacy\20260120_151252\application\dto.py","OUTRO","2","0","False","False","3","SUSPEITO"
"_graveyard\quarentena\_backup\backup_20260120_163057\.quarantine\legacy\20260120_151252\tools\legacy_backup\run_analysis.py","OUTRO","1","0","True","False","3","SUSPEITO"
"_graveyard\quarentena\_backup\backup_20260120_163057\.quarantine\legacy\20260120_151252\tools\legacy_backup\patches\patch_progress.py","OUTRO","1","0","False","False","3","SUSPEITO"
"_graveyard\quarentena\_backup\backup_20260120_163057\.quarantine\legacy\20260120_151252\tools\legacy_backup\rollback.py","OUTRO","3","0","False","False","3","SUSPEITO"
"_graveyard\_backup\backup_20260120_163057\ui\controller.py","OUTRO","10","3","False","True","2","ATIVO"
"_graveyard\_backup\backup_20260120_163822\ui\services\thread_service.py","OUTRO","2","12","False","True","2","ATIVO"
"_graveyard\quarentena\_backup\backup_20260120_163822\legacy\20260120_151252\tools\engine\logger.py","OUTRO","1","3","False","True","2","ATIVO"
"ui\controller.py","UI","10","3","False","True","2","ATIVO"
"_graveyard\quarentena\.quarantine\legacy\20260120_151252\tools\legacy_backup\patch_core_resultados.py","OUTRO","2","17","False","True","2","ATIVO"
"_graveyard\quarentena\_backup\backup_20260120_163057\.quarantine\legacy\20260120_151252\tools\legacy_backup\patch_ui_runtime.py","OUTRO","2","24","False","True","2","ATIVO"
"admin\dashboard\views\actions.py","ADMIN","1","4","False","True","2","ATIVO"
"_graveyard\quarentena\_backup\backup_20260120_163057\.quarantine\legacy\20260120_151252\tools\legacy_backup\patch_core_resultados.py","OUTRO","2","17","False","True","2","ATIVO"
"_graveyard\_backup\backup_20260120_163057\ui\services\thread_service.py","OUTRO","2","12","False","True","2","ATIVO"
"_graveyard\_backup\backup_20260120_163822\ui\controller.py","OUTRO","10","3","False","True","2","ATIVO"
"_graveyard\quarentena\_backup\backup_20260120_163057\legacy\20260120_151252\tools\engine\logger.py","OUTRO","1","3","False","True","2","ATIVO"
"ui\services\thread_service.py","UI","2","12","False","True","2","ATIVO"
"admin\core\quarantine.py","ADMIN","3","1","False","True","2","ATIVO"
"_graveyard\quarentena\.quarantine\legacy\20260120_151252\tools\legacy_backup\patch_ui_runtime.py","OUTRO","2","24","False","True","2","ATIVO"
"_graveyard\quarentena\_backup\backup_20260120_163822\.quarantine\legacy\20260120_151252\tools\legacy_backup\patch_core_resultados.py","OUTRO","2","17","False","True","2","ATIVO"
"_graveyard\quarentena\_backup\backup_20260120_163822\.quarantine\legacy\20260120_151252\tools\legacy_backup\patch_ui_runtime.py","OUTRO","2","24","False","True","2","ATIVO"
"_graveyard\quarentena\legacy\20260120_151252\tools\engine\logger.py","OUTRO","1","3","False","True","2","ATIVO"
"admin\dashboard_ctk.py","ADMIN","7","3","True","True","2","ATIVO"
"_graveyard\quarentena\legacy\20260120_151252\tools\engine\tool_result.py","OUTRO","0","24","False","False","1","ATIVO"
"_graveyard\quarentena\_backup\backup_20260120_163057\legacy\20260120_151252\tools\engine\tool_result.py","OUTRO","0","24","False","False","1","ATIVO"
"_graveyard\quarentena\_backup\backup_20260120_163057\legacy\20260120_151252\tools\engine\registry.py","OUTRO","0","24","False","False","1","ATIVO"
"_graveyard\quarentena\legacy\20260120_151252\tools\engine\registry.py","OUTRO","0","24","False","False","1","ATIVO"
"_graveyard\quarentena\_backup\backup_20260120_163822\legacy\20260120_151252\tools\engine\registry.py","OUTRO","0","24","False","False","1","ATIVO"
"_graveyard\quarentena\_backup\backup_20260120_163822\legacy\20260120_151252\tools\engine\tool_result.py","OUTRO","0","24","False","False","1","ATIVO"
"_graveyard\quarentena\.quarantine\legacy\20260120_151252\tools\analyzers\__init__.py","OUTRO","0","3","False","False","1","ATIVO"
"_graveyard\quarentena\_backup\backup_20260120_163057\.quarantine\legacy\20260120_151252\tools\analyzers\__init__.py","OUTRO","0","3","False","False","1","ATIVO"
"_graveyard\quarentena\_backup\backup_20260120_163822\.quarantine\legacy\20260120_151252\tools\analyzers\__init__.py","OUTRO","0","3","False","False","1","ATIVO"
"_graveyard\legacy\20260120_151252\application\calculo_service.py","OUTRO","0","6","False","False","1","ATIVO"
"_graveyard\_backup\backup_20260120_163822\ui\controllers\status_controller.py","OUTRO","0","21","False","False","1","ATIVO"
"_graveyard\_backup\backup_20260120_163822\ui\services\log_service.py","OUTRO","0","9","False","False","1","ATIVO"
"admin\dashboard\views\__init__.py","ADMIN","0","3","False","False","1","ATIVO"
"_graveyard\_backup\backup_20260120_163057\admin\core\classifier.py","OUTRO","0","4","False","False","1","ATIVO"
"ui\controllers\status_controller.py","UI","0","21","False","False","1","ATIVO"
"_graveyard\_backup\backup_20260120_163057\ui\services\log_service.py","OUTRO","0","9","False","False","1","ATIVO"
"_graveyard\_backup\backup_20260120_163822\legacy\20260120_151252\application\calculo_service.py","OUTRO","0","6","False","False","1","ATIVO"
"_graveyard\_backup\backup_20260120_163057\legacy\20260120_151252\application\calculo_service.py","OUTRO","0","6","False","False","1","ATIVO"
"_graveyard\_backup\backup_20260120_163057\ui\controllers\status_controller.py","OUTRO","0","21","False","False","1","ATIVO"
"_graveyard\_backup\backup_20260120_163822\admin\core\classifier.py","OUTRO","0","4","False","False","1","ATIVO"
"ui\services\log_service.py","UI","0","9","False","False","1","ATIVO"
"admin\core\classifier.py","ADMIN","1","4","False","False","0","ATIVO"
"admin\dashboard\views\routes.py","ADMIN","1","4","False","False","0","ATIVO"
"admin\dashboard\views\overview.py","ADMIN","1","4","False","False","0","ATIVO"
"_graveyard\quarentena\_backup\backup_20260120_163057\legacy\20260120_151252\tools\engine\runner.py","OUTRO","2","3","False","False","0","ATIVO"
"admin\base.py","ADMIN","1","9","False","False","0","ATIVO"
"admin\dashboard\views\logs.py","ADMIN","1","4","False","False","0","ATIVO"
"admin\tools\diagnostic_tool.py","ADMIN","4","22","False","False","0","ATIVO"
"admin\dashboard\dashboard.py","ADMIN","5","3","False","False","0","ATIVO"
"admin\core\scanner.py","ADMIN","1","3","False","False","0","ATIVO"
"_graveyard\quarentena\_backup\backup_20260120_163057\legacy\20260120_151252\tools\engine\base_tool.py","OUTRO","1","18","False","False","0","ATIVO"
"admin\core\route_graph.py","ADMIN","3","2","False","False","0","ATIVO"
"admin\tools\quarantine_tool.py","ADMIN","3","8","False","False","0","ATIVO"
"admin\core\context.py","ADMIN","1","9","False","False","0","ATIVO"
"admin\registry.py","ADMIN","4","2","False","False","0","ATIVO"
"_graveyard\_backup\backup_20260120_163822\.quarantine\ui\controllers\configuracoes.py","OUTRO","1","3","False","False","0","ATIVO"
"_graveyard\.quarantine\ui\controllers\configuracoes.py","OUTRO","1","3","False","False","0","ATIVO"
"_graveyard\.quarantine\ui\consolidacao_mensal_window.py","OUTRO","4","3","False","False","0","ATIVO"
"_graveyard\quarentena\_backup\backup_20260120_163057\.quarantine\legacy\20260120_151252\tools\impl\projectinspector.py","OUTRO","3","3","False","False","0","ATIVO"
"_graveyard\quarentena\_backup\backup_20260120_163057\admin\tools\backup_tool.py","OUTRO","4","3","False","False","0","ATIVO"
"_graveyard\quarentena\_backup\backup_20260120_163057\admin\tools\cache_tool.py","OUTRO","3","3","False","False","0","ATIVO"
"_graveyard\quarentena\_backup\backup_20260120_163057\admin\tools\diagnostic_tool.py","OUTRO","4","22","False","False","0","ATIVO"
"_graveyard\quarentena\_backup\backup_20260120_163057\admin\tools\quarantine_tool.py","OUTRO","3","8","False","False","0","ATIVO"
"_graveyard\quarentena\_backup\backup_20260120_163057\admin\tools\structure_check_tool.py","OUTRO","2","3","False","False","0","ATIVO"
"_graveyard\_backup\backup_20260120_163057\ui\theme.py","OUTRO","1","9","False","False","0","ATIVO"
"_graveyard\_backup\backup_20260120_163057\ui\modal_base.py","OUTRO","1","28","False","False","0","ATIVO"
"_graveyard\quarentena\_backup\backup_20260120_163057\legacy\20260120_151252\tools\maintenance\maintenance_runner.py","OUTRO","4","3","False","False","0","ATIVO"
"_graveyard\_backup\backup_20260120_163057\ui\map_preview_modal.py","OUTRO","4","6","False","False","0","ATIVO"
"_graveyard\_backup\backup_20260120_163057\ui\deslocamentos_queries.py","OUTRO","9","47","False","False","0","ATIVO"
"_graveyard\_backup\backup_20260120_163057\ui\db.py","OUTRO","2","3","False","False","0","ATIVO"
"_graveyard\_backup\backup_20260120_163057\ui\consolidacao.py","OUTRO","2","3","False","False","0","ATIVO"
"_graveyard\_backup\backup_20260120_163057\ui\app.py","OUTRO","22","15","False","False","0","ATIVO"
"_graveyard\_backup\backup_20260120_163057\ui\alerts.py","OUTRO","2","3","False","False","0","ATIVO"
"_graveyard\.quarantine\tests\unit\core\test_coord_diagnostico.py","OUTRO","1","17","False","False","0","ATIVO"
"core\snapping.py","CORE","4","3","False","False","0","ATIVO"
"_graveyard\.quarantine\ui\consolidacao_window.py","OUTRO","4","3","False","False","0","ATIVO"
"_graveyard\_backup\backup_20260120_163057\ui\export_success_modal.py","OUTRO","3","3","False","False","0","ATIVO"
"core\preprocessador_coordenadas.py","CORE","4","3","False","False","0","ATIVO"
"core\coord_diagnostico.py","CORE","2","26","False","False","0","ATIVO"
"core\coord_validator.py","CORE","1","9","False","False","0","ATIVO"
"ui\componentes\alert_modal.py","UI","2","15","False","False","0","ATIVO"
"ui\windows\preview_window.py","UI","6","3","False","False","0","ATIVO"
"ui\windows\history_window.py","UI","12","3","False","False","0","ATIVO"
"ui\windows\config_window.py","UI","5","3","False","False","0","ATIVO"
"ui\theme.py","UI","1","9","False","False","0","ATIVO"
"ui\modal_base.py","UI","1","28","False","False","0","ATIVO"
"ui\map_preview_modal.py","UI","4","6","False","False","0","ATIVO"
"ui\export_success_modal.py","UI","3","3","False","False","0","ATIVO"
"_graveyard\quarentena\_backup\backup_20260120_163822\legacy\20260120_151252\tools\maintenance\maintenance_runner.py","OUTRO","4","3","False","False","0","ATIVO"
"_graveyard\quarentena\_backup\backup_20260120_163822\legacy\20260120_151252\tools\engine\base_tool.py","OUTRO","1","18","False","False","0","ATIVO"
"ui\deslocamentos_queries.py","UI","9","47","False","False","0","ATIVO"
"ui\db.py","UI","2","3","False","False","0","ATIVO"
"_graveyard\quarentena\_backup\backup_20260120_163822\legacy\20260120_151252\tools\engine\runner.py","OUTRO","2","3","False","False","0","ATIVO"
"ui\consolidacao.py","UI","2","3","False","False","0","ATIVO"
"ui\app.py","UI","23","15","False","False","0","ATIVO"
"ui\alerts.py","UI","2","3","False","False","0","ATIVO"
"_graveyard\legacy\20260120_151252\tools\dashboards\maintenance_dashboard.py","OUTRO","3","9","False","False","0","ATIVO"
"ui\componentes\logo_animator.py","UI","6","6","False","False","0","ATIVO"
"ui\componentes\logo.py","UI","3","3","False","False","0","ATIVO"
"ui\componentes\progress_glow.py","UI","1","3","False","False","0","ATIVO"
"ui\stores\config_store.py","UI","2","9","False","False","0","ATIVO"
"_graveyard\_backup\backup_20260120_163057\ui\windows\config_window.py","OUTRO","5","3","False","False","0","ATIVO"
"core\calculador.py","CORE","8","51","False","False","0","ATIVO"
"core\cache.py","CORE","2","3","False","False","0","ATIVO"
"ui\services\modelo_excel_service.py","UI","7","1","False","False","0","ATIVO"
"ui\layout\status_bar.py","UI","2","18","False","False","0","ATIVO"
"ui\layout\log_panel.py","UI","1","9","False","False","0","ATIVO"
"ui\layout\header.py","UI","3","3","False","False","0","ATIVO"
"ui\layout\footer.py","UI","1","3","False","False","0","ATIVO"
"core\persistencia_excel.py","CORE","3","3","False","False","0","ATIVO"
"ui\layout\file_selector.py","UI","3","3","False","False","0","ATIVO"
"ui\stores\history_store.py","UI","7","9","False","False","0","ATIVO"
"_graveyard\quarentena\_backup\backup_20260120_163822\.quarantine\legacy\20260120_151252\tools\impl\projectinspector.py","OUTRO","3","3","False","False","0","ATIVO"
"ui\stores\deslocamentos_store.py","UI","2","41","False","False","0","ATIVO"
"_graveyard\quarentena\_backup\backup_20260120_163822\admin\tools\backup_tool.py","OUTRO","4","3","False","False","0","ATIVO"
"_graveyard\quarentena\_backup\backup_20260120_163822\admin\tools\cache_tool.py","OUTRO","3","3","False","False","0","ATIVO"
"_graveyard\quarentena\_backup\backup_20260120_163822\admin\tools\diagnostic_tool.py","OUTRO","4","22","False","False","0","ATIVO"
"_graveyard\quarentena\_backup\backup_20260120_163822\admin\tools\quarantine_tool.py","OUTRO","3","8","False","False","0","ATIVO"
"_graveyard\quarentena\_backup\backup_20260120_163822\admin\tools\structure_check_tool.py","OUTRO","2","3","False","False","0","ATIVO"
"ui\layout\actions_bar.py","UI","1","3","False","False","0","ATIVO"
"_graveyard\_backup\backup_20260120_163057\ui\windows\history_window.py","OUTRO","12","3","False","False","0","ATIVO"
"_graveyard\_backup\backup_20260120_163057\ui\componentes\logo.py","OUTRO","3","3","False","False","0","ATIVO"
"_graveyard\_backup\backup_20260120_163057\ui\componentes\alert_modal.py","OUTRO","2","15","False","False","0","ATIVO"
"_graveyard\_backup\backup_20260120_163822\ui\layout\file_selector.py","OUTRO","3","3","False","False","0","ATIVO"
"_graveyard\_backup\backup_20260120_163822\ui\layout\actions_bar.py","OUTRO","1","3","False","False","0","ATIVO"
"_graveyard\_backup\backup_20260120_163822\ui\stores\history_store.py","OUTRO","7","9","False","False","0","ATIVO"
"_graveyard\_backup\backup_20260120_163822\ui\stores\deslocamentos_store.py","OUTRO","2","41","False","False","0","ATIVO"
"_graveyard\legacy\20260120_151252\tools\dashboards\tools_dashboard.py","OUTRO","3","6","False","False","0","ATIVO"
"_graveyard\_backup\backup_20260120_163822\ui\componentes\progress_glow.py","OUTRO","1","3","False","False","0","ATIVO"
"_graveyard\_backup\backup_20260120_163822\ui\componentes\logo.py","OUTRO","3","3","False","False","0","ATIVO"
"_graveyard\_backup\backup_20260120_163822\ui\componentes\logo_animator.py","OUTRO","6","6","False","False","0","ATIVO"
"_graveyard\_backup\backup_20260120_163822\ui\componentes\alert_modal.py","OUTRO","2","15","False","False","0","ATIVO"
"_graveyard\_backup\backup_20260120_163822\ui\windows\preview_window.py","OUTRO","6","3","False","False","0","ATIVO"
"_graveyard\_backup\backup_20260120_163822\ui\windows\history_window.py","OUTRO","12","3","False","False","0","ATIVO"
"_graveyard\_backup\backup_20260120_163822\ui\windows\config_window.py","OUTRO","5","3","False","False","0","ATIVO"
"_graveyard\_backup\backup_20260120_163822\ui\theme.py","OUTRO","1","9","False","False","0","ATIVO"
"_graveyard\_backup\backup_20260120_163822\ui\modal_base.py","OUTRO","1","28","False","False","0","ATIVO"
"_graveyard\_backup\backup_20260120_163822\ui\map_preview_modal.py","OUTRO","4","6","False","False","0","ATIVO"
"_graveyard\quarentena\.quarantine\legacy\20260120_151252\tools\impl\projectinspector.py","OUTRO","3","3","False","False","0","ATIVO"
"_graveyard\_backup\backup_20260120_163822\ui\export_success_modal.py","OUTRO","3","3","False","False","0","ATIVO"
"_graveyard\_backup\backup_20260120_163822\ui\layout\footer.py","OUTRO","1","3","False","False","0","ATIVO"
"_graveyard\quarentena\admin\tools\backup_tool.py","OUTRO","4","3","False","False","0","ATIVO"
"_graveyard\_backup\backup_20260120_163822\ui\layout\header.py","OUTRO","3","3","False","False","0","ATIVO"
"_graveyard\_backup\backup_20260120_163822\ui\layout\status_bar.py","OUTRO","2","18","False","False","0","ATIVO"
"_graveyard\_backup\backup_20260120_163822\.quarantine\ui\consolidacao_window.py","OUTRO","4","3","False","False","0","ATIVO"
"_graveyard\_backup\backup_20260120_163822\.quarantine\ui\consolidacao_mensal_window.py","OUTRO","4","3","False","False","0","ATIVO"
"_graveyard\_backup\backup_20260120_163822\admin\core\scanner.py","OUTRO","1","3","False","False","0","ATIVO"
"_graveyard\_backup\backup_20260120_163822\admin\core\context.py","OUTRO","3","9","False","False","0","ATIVO"
"_graveyard\_backup\backup_20260120_163822\admin\registry.py","OUTRO","4","2","False","False","0","ATIVO"
"_graveyard\_backup\backup_20260120_163822\admin\dashboard.py","OUTRO","4","3","True","False","0","ATIVO"
"_graveyard\_backup\backup_20260120_163822\admin\dashboard_ctk.py","OUTRO","9","3","True","False","0","ATIVO"
"_graveyard\_backup\backup_20260120_163822\admin\base.py","OUTRO","1","9","False","False","0","ATIVO"
"_graveyard\_backup\backup_20260120_163822\legacy\20260120_151252\tools\dashboards\tools_dashboard.py","OUTRO","3","6","False","False","0","ATIVO"
"_graveyard\_backup\backup_20260120_163822\legacy\20260120_151252\tools\dashboards\maintenance_dashboard.py","OUTRO","3","9","False","False","0","ATIVO"
"_graveyard\_backup\backup_20260120_163822\core\snapping.py","OUTRO","4","3","False","False","0","ATIVO"
"_graveyard\_backup\backup_20260120_163822\core\preprocessador_coordenadas.py","OUTRO","4","3","False","False","0","ATIVO"
"_graveyard\_backup\backup_20260120_163822\core\persistencia_excel.py","OUTRO","3","3","False","False","0","ATIVO"
"_graveyard\_backup\backup_20260120_163822\core\coord_validator.py","OUTRO","1","9","False","False","0","ATIVO"
"_graveyard\_backup\backup_20260120_163822\core\coord_diagnostico.py","OUTRO","2","26","False","False","0","ATIVO"
"_graveyard\_backup\backup_20260120_163822\core\calculador.py","OUTRO","8","51","False","False","0","ATIVO"
"_graveyard\_backup\backup_20260120_163822\core\cache.py","OUTRO","2","3","False","False","0","ATIVO"
"_graveyard\_backup\backup_20260120_163822\ui\layout\log_panel.py","OUTRO","1","9","False","False","0","ATIVO"
"_graveyard\quarentena\admin\tools\cache_tool.py","OUTRO","3","3","False","False","0","ATIVO"
"_graveyard\quarentena\admin\tools\diagnostic_tool.py","OUTRO","4","22","False","False","0","ATIVO"
"_graveyard\quarentena\admin\tools\quarantine_tool.py","OUTRO","3","8","False","False","0","ATIVO"
"_graveyard\_backup\backup_20260120_163057\core\persistencia_excel.py","OUTRO","3","3","False","False","0","ATIVO"
"_graveyard\_backup\backup_20260120_163057\core\coord_validator.py","OUTRO","1","9","False","False","0","ATIVO"
"_graveyard\_backup\backup_20260120_163057\core\coord_diagnostico.py","OUTRO","2","26","False","False","0","ATIVO"
"_graveyard\_backup\backup_20260120_163057\core\calculador.py","OUTRO","8","51","False","False","0","ATIVO"
"_graveyard\_backup\backup_20260120_163057\core\cache.py","OUTRO","2","3","False","False","0","ATIVO"
"_graveyard\_backup\backup_20260120_163057\ui\layout\status_bar.py","OUTRO","2","18","False","False","0","ATIVO"
"_graveyard\_backup\backup_20260120_163057\ui\layout\log_panel.py","OUTRO","1","9","False","False","0","ATIVO"
"_graveyard\_backup\backup_20260120_163057\ui\layout\header.py","OUTRO","3","3","False","False","0","ATIVO"
"_graveyard\_backup\backup_20260120_163057\ui\layout\footer.py","OUTRO","1","3","False","False","0","ATIVO"
"_graveyard\_backup\backup_20260120_163057\ui\layout\file_selector.py","OUTRO","3","3","False","False","0","ATIVO"
"_graveyard\_backup\backup_20260120_163057\ui\layout\actions_bar.py","OUTRO","1","3","False","False","0","ATIVO"
"_graveyard\_backup\backup_20260120_163057\ui\stores\history_store.py","OUTRO","7","9","False","False","0","ATIVO"
"_graveyard\_backup\backup_20260120_163057\ui\stores\deslocamentos_store.py","OUTRO","2","41","False","False","0","ATIVO"
"_graveyard\_backup\backup_20260120_163057\ui\stores\config_store.py","OUTRO","2","9","False","False","0","ATIVO"
"_graveyard\_backup\backup_20260120_163057\ui\componentes\progress_glow.py","OUTRO","1","3","False","False","0","ATIVO"
"_graveyard\_backup\backup_20260120_163822\.quarantine\tests\unit\core\test_coord_diagnostico.py","OUTRO","1","17","False","False","0","ATIVO"
"_graveyard\_backup\backup_20260120_163057\ui\componentes\logo_animator.py","OUTRO","6","6","False","False","0","ATIVO"
"_graveyard\_backup\backup_20260120_163057\core\preprocessador_coordenadas.py","OUTRO","4","3","False","False","0","ATIVO"
"_graveyard\_backup\backup_20260120_163057\core\snapping.py","OUTRO","4","3","False","False","0","ATIVO"
"_graveyard\_backup\backup_20260120_163057\legacy\20260120_151252\tools\dashboards\maintenance_dashboard.py","OUTRO","3","9","False","False","0","ATIVO"
"_graveyard\_backup\backup_20260120_163057\legacy\20260120_151252\tools\dashboards\tools_dashboard.py","OUTRO","3","6","False","False","0","ATIVO"
"_graveyard\quarentena\admin\tools\structure_check_tool.py","OUTRO","2","3","False","False","0","ATIVO"
"_graveyard\_backup\backup_20260120_163822\ui\deslocamentos_queries.py","OUTRO","9","47","False","False","0","ATIVO"
"_graveyard\_backup\backup_20260120_163822\ui\db.py","OUTRO","2","3","False","False","0","ATIVO"
"_graveyard\_backup\backup_20260120_163822\ui\consolidacao.py","OUTRO","2","3","False","False","0","ATIVO"
"_graveyard\_backup\backup_20260120_163822\ui\app.py","OUTRO","22","15","False","False","0","ATIVO"
"_graveyard\_backup\backup_20260120_163822\ui\alerts.py","OUTRO","2","3","False","False","0","ATIVO"
"_graveyard\_backup\backup_20260120_163057\.quarantine\tests\unit\core\test_coord_diagnostico.py","OUTRO","1","17","False","False","0","ATIVO"
"_graveyard\_backup\backup_20260120_163057\.quarantine\ui\controllers\configuracoes.py","OUTRO","1","3","False","False","0","ATIVO"
"_graveyard\_backup\backup_20260120_163057\ui\windows\preview_window.py","OUTRO","6","3","False","False","0","ATIVO"
"_graveyard\_backup\backup_20260120_163057\.quarantine\ui\consolidacao_window.py","OUTRO","4","3","False","False","0","ATIVO"
"_graveyard\_backup\backup_20260120_163057\admin\core\scanner.py","OUTRO","1","3","False","False","0","ATIVO"
"_graveyard\_backup\backup_20260120_163057\admin\core\context.py","OUTRO","3","9","False","False","0","ATIVO"
"_graveyard\_backup\backup_20260120_163057\admin\registry.py","OUTRO","4","2","False","False","0","ATIVO"
"_graveyard\quarentena\legacy\20260120_151252\tools\maintenance\maintenance_runner.py","OUTRO","4","3","False","False","0","ATIVO"
"_graveyard\quarentena\legacy\20260120_151252\tools\engine\base_tool.py","OUTRO","1","18","False","False","0","ATIVO"
"_graveyard\_backup\backup_20260120_163057\admin\dashboard.py","OUTRO","4","3","True","False","0","ATIVO"
"_graveyard\_backup\backup_20260120_163057\admin\base.py","OUTRO","1","9","False","False","0","ATIVO"
"_graveyard\quarentena\legacy\20260120_151252\tools\engine\runner.py","OUTRO","2","3","False","False","0","ATIVO"
"_graveyard\_backup\backup_20260120_163057\.quarantine\ui\consolidacao_mensal_window.py","OUTRO","4","3","False","False","0","ATIVO"
"_graveyard\_backup\backup_20260120_163822\ui\stores\config_store.py","OUTRO","2","9","False","False","0","ATIVO"
